{
  "dataset": "Pepper",
  "total_genes": 775,
  "features": {
    "gene_length": {
      "count": 775,
      "mean": 3004.567741935484,
      "median": 2271.0,
      "std": 2902.735990890009,
      "min": 152.0,
      "max": 21603.0,
      "q25": 1197.0,
      "q75": 3593.0,
      "skewness": 2.6136323190899065,
      "kurtosis": 8.629724886461617
    },
    "num_exons": {
      "count": 775,
      "mean": 2.9690322580645163,
      "median": 2.0,
      "std": 2.1891371390771197,
      "min": 1.0,
      "max": 18.0,
      "q25": 1.0,
      "q75": 4.0,
      "skewness": 2.2346418157996686,
      "kurtosis": 8.097472873336603
    },
    "num_introns": {
      "count": 775,
      "mean": 1.969032258064516,
      "median": 1.0,
      "std": 2.1891371390771197,
      "min": 0.0,
      "max": 17.0,
      "q25": 0.0,
      "q75": 3.0,
      "skewness": 2.234641815799669,
      "kurtosis": 8.097472873336606
    },
    "total_exon_length": {
      "count": 775,
      "mean": 1841.7754838709677,
      "median": 1671.0,
      "std": 1102.6054655117928,
      "min": 152.0,
      "max": 6027.0,
      "q25": 915.0,
      "q75": 2629.5,
      "skewness": 0.6130224128476875,
      "kurtosis": -0.2279569079028465
    },
    "total_intron_length": {
      "count": 775,
      "mean": 1162.792258064516,
      "median": 250.0,
      "std": 2329.705606700871,
      "min": 0.0,
      "max": 16116.0,
      "q25": 0.0,
      "q75": 974.0,
      "skewness": 3.130731157035078,
      "kurtosis": 10.496458375135145
    },
    "avg_exon_length": {
      "count": 775,
      "mean": 865.68711215982,
      "median": 554.0,
      "std": 803.4381012682965,
      "min": 101.0,
      "max": 4113.0,
      "q25": 353.25,
      "q75": 1060.0,
      "skewness": 1.8977913240493691,
      "kurtosis": 3.280592633803596
    },
    "avg_intron_length": {
      "count": 775,
      "mean": 397.21240587116864,
      "median": 131.0,
      "std": 800.4535300283732,
      "min": 0.0,
      "max": 9816.0,
      "q25": 0.0,
      "q75": 408.0,
      "skewness": 5.837316924047314,
      "kurtosis": 50.29094637866859
    },
    "gc_content": {
      "count": 775,
      "mean": 0.38637258128037605,
      "median": 0.38856812933025403,
      "std": 0.026427782769759586,
      "min": 0.2177582714382174,
      "max": 0.5177045177045178,
      "q25": 0.3740282477438593,
      "q75": 0.40158573310747225,
      "skewness": -0.7669242895883854,
      "kurtosis": 5.4756524899434895
    },
    "coding_ratio": {
      "count": 775,
      "mean": 0.7660361986600244,
      "median": 0.8499796167957603,
      "std": 0.24530639190399123,
      "min": 0.0669378698224852,
      "max": 1.0,
      "q25": 0.6296558552490088,
      "q75": 1.0,
      "skewness": -0.9766939680198156,
      "kurtosis": -0.1291634151523593
    }
  },
  "distributions": {
    "exon_count_distribution": {
      "1": 198,
      "2": 220,
      "3": 136,
      "4": 72,
      "5": 71,
      "6": 29,
      "7": 22,
      "8": 8,
      "9": 5,
      "10": 3,
      "11": 4,
      "12": 2,
      "14": 3,
      "17": 1,
      "18": 1
    },
    "intron_count_distribution": {
      "0": 198,
      "1": 220,
      "2": 136,
      "3": 72,
      "4": 71,
      "5": 29,
      "6": 22,
      "7": 8,
      "8": 5,
      "9": 3,
      "10": 4,
      "11": 2,
      "13": 3,
      "16": 1,
      "17": 1
    },
    "chromosome_distribution": {
      "Pepper.v.1.55.chr09": 131,
      "Pepper.v.1.55.chr06": 92,
      "Pepper.v.1.55.chr11": 88,
      "Pepper.v.1.55.chr05": 86,
      "Pepper.v.1.55.chr03": 78,
      "Pepper.v.1.55.chr01": 68,
      "Pepper.v.1.55.chr10": 55,
      "Pepper.v.1.55.chr12": 51,
      "Pepper.v.1.55.chr07": 51,
      "Pepper.v.1.55.chr04": 31,
      "Pepper.v.1.55.chr08": 25,
      "Pepper.v.1.55.chr02": 19
    }
  }
}