{
  "dataset": "Arabidopsis",
  "total_genes": 175,
  "features": {
    "gene_length": {
      "count": 175,
      "mean": 3366.5142857142855,
      "median": 3350.0,
      "std": 1389.556626786983,
      "min": 167.0,
      "max": 7814.0,
      "q25": 2562.0,
      "q75": 4170.5,
      "skewness": 0.22615342010549,
      "kurtosis": 0.35996763996397885
    },
    "num_exons": {
      "count": 175,
      "mean": 4.017142857142857,
      "median": 4.0,
      "std": 2.7217182827230726,
      "min": 1.0,
      "max": 23.0,
      "q25": 2.0,
      "q75": 5.0,
      "skewness": 2.6858548542964074,
      "kurtosis": 14.739637917567126
    },
    "num_introns": {
      "count": 175,
      "mean": 3.0171428571428573,
      "median": 3.0,
      "std": 2.7217182827230726,
      "min": 0.0,
      "max": 22.0,
      "q25": 1.0,
      "q75": 4.0,
      "skewness": 2.685854854296407,
      "kurtosis": 14.739637917567126
    },
    "total_exon_length": {
      "count": 175,
      "mean": 2817.1657142857143,
      "median": 2958.0,
      "std": 1006.7909991945266,
      "min": 167.0,
      "max": 5664.0,
      "q25": 2452.5,
      "q75": 3510.0,
      "skewness": -0.5224120680444078,
      "kurtosis": 0.28478531445126043
    },
    "total_intron_length": {
      "count": 175,
      "mean": 549.3485714285714,
      "median": 352.0,
      "std": 663.0152896814641,
      "min": 0.0,
      "max": 3673.0,
      "q25": 151.5,
      "q75": 640.0,
      "skewness": 2.2247537701456293,
      "kurtosis": 5.285229654593854
    },
    "avg_exon_length": {
      "count": 175,
      "mean": 977.1412848042228,
      "median": 732.0,
      "std": 754.3594983426476,
      "min": 141.0,
      "max": 4275.0,
      "q25": 567.75,
      "q75": 930.0,
      "skewness": 1.8253478022532725,
      "kurtosis": 2.7289721455627665
    },
    "avg_intron_length": {
      "count": 175,
      "mean": 156.80980972995258,
      "median": 108.66666666666667,
      "std": 171.11130826807343,
      "min": 0.0,
      "max": 1063.0,
      "q25": 85.75,
      "q75": 153.5,
      "skewness": 2.5735391074882483,
      "kurtosis": 7.992556250133671
    },
    "gc_content": {
      "count": 175,
      "mean": 0.3974297181060237,
      "median": 0.40031055900621115,
      "std": 0.021217963599138252,
      "min": 0.3206407194042434,
      "max": 0.4490842490842491,
      "q25": 0.38803775889350367,
      "q75": 0.410177375383429,
      "skewness": -0.7427709595626363,
      "kurtosis": 1.5800292287731827
    },
    "coding_ratio": {
      "count": 175,
      "mean": 0.8587701200215277,
      "median": 0.8869745003445899,
      "std": 0.12263363954060899,
      "min": 0.4563521545319465,
      "max": 1.0,
      "q25": 0.8077263331936335,
      "q75": 0.9366518481132988,
      "skewness": -1.2609725372236364,
      "kurtosis": 1.4591219043189123
    }
  },
  "distributions": {
    "exon_count_distribution": {
      "1": 29,
      "2": 26,
      "3": 20,
      "4": 33,
      "5": 31,
      "6": 18,
      "7": 9,
      "8": 3,
      "9": 2,
      "10": 1,
      "13": 1,
      "16": 1,
      "23": 1
    },
    "intron_count_distribution": {
      "0": 29,
      "1": 26,
      "2": 20,
      "3": 33,
      "4": 31,
      "5": 18,
      "6": 9,
      "7": 3,
      "8": 2,
      "9": 1,
      "12": 1,
      "15": 1,
      "22": 1
    },
    "chromosome_distribution": {
      "5": 61,
      "1": 60,
      "4": 31,
      "3": 19,
      "2": 4
    }
  }
}