{
  "dataset": "Rice",
  "total_genes": 549,
  "features": {
    "gene_length": {
      "count": 549,
      "mean": 4347.468123861567,
      "median": 3608.0,
      "std": 3146.5675275834524,
      "min": 150.0,
      "max": 25633.0,
      "q25": 2730.0,
      "q75": 5210.0,
      "skewness": 2.4570730350458336,
      "kurtosis": 9.810746119439933
    },
    "num_exons": {
      "count": 549,
      "mean": 2.9234972677595628,
      "median": 2.0,
      "std": 2.2485952164693885,
      "min": 1.0,
      "max": 21.0,
      "q25": 2.0,
      "q75": 4.0,
      "skewness": 2.819436801029573,
      "kurtosis": 13.31545439730058
    },
    "num_introns": {
      "count": 549,
      "mean": 1.9234972677595628,
      "median": 1.0,
      "std": 2.2485952164693885,
      "min": 0.0,
      "max": 20.0,
      "q25": 1.0,
      "q75": 3.0,
      "skewness": 2.819436801029573,
      "kurtosis": 13.31545439730058
    },
    "total_exon_length": {
      "count": 549,
      "mean": 2742.162112932605,
      "median": 2835.0,
      "std": 1197.4630623594346,
      "min": 150.0,
      "max": 9198.0,
      "q25": 2106.0,
      "q75": 3312.0,
      "skewness": 0.4360638724347464,
      "kurtosis": 2.4000467661037295
    },
    "total_intron_length": {
      "count": 549,
      "mean": 1605.3060109289618,
      "median": 651.0,
      "std": 2504.540519288074,
      "min": 0.0,
      "max": 18489.0,
      "q25": 43.0,
      "q75": 2078.0,
      "skewness": 2.824248363237798,
      "kurtosis": 10.524958216737573
    },
    "avg_exon_length": {
      "count": 549,
      "mean": 1325.7637250727416,
      "median": 1078.5,
      "std": 967.809929181127,
      "min": 85.28571428571429,
      "max": 4575.0,
      "q25": 613.5,
      "q75": 1578.0,
      "skewness": 1.2616177052060304,
      "kurtosis": 1.0502442319665342
    },
    "avg_intron_length": {
      "count": 549,
      "mean": 690.8880830766077,
      "median": 348.0,
      "std": 1080.6623371514897,
      "min": 0.0,
      "max": 9303.0,
      "q25": 43.0,
      "q75": 806.3333333333334,
      "skewness": 3.232931653176969,
      "kurtosis": 14.245036601211837
    },
    "gc_content": {
      "count": 549,
      "mean": 0.4401665203507854,
      "median": 0.4278252611585945,
      "std": 0.05444298341012247,
      "min": 0.3401344771620682,
      "max": 0.7184265010351967,
      "q25": 0.40895907186593616,
      "q75": 0.45893719806763283,
      "skewness": 1.9016959358302206,
      "kurtosis": 5.360714817258477
    },
    "coding_ratio": {
      "count": 549,
      "mean": 0.7468223401535811,
      "median": 0.8071132445996072,
      "std": 0.24358422004063765,
      "min": 0.13315926892950392,
      "max": 1.0,
      "q25": 0.5482841181165203,
      "q75": 0.9833212472806382,
      "skewness": -0.6672580976375891,
      "kurtosis": -0.7610059164911767
    }
  },
  "distributions": {
    "exon_count_distribution": {
      "1": 135,
      "2": 175,
      "3": 89,
      "4": 59,
      "5": 37,
      "6": 22,
      "7": 13,
      "8": 6,
      "9": 3,
      "10": 2,
      "11": 1,
      "12": 3,
      "14": 1,
      "16": 2,
      "21": 1
    },
    "intron_count_distribution": {
      "0": 135,
      "1": 175,
      "2": 89,
      "3": 59,
      "4": 37,
      "5": 22,
      "6": 13,
      "7": 6,
      "8": 3,
      "9": 2,
      "10": 1,
      "11": 3,
      "13": 1,
      "15": 2,
      "20": 1
    },
    "chromosome_distribution": {
      "Chr11": 149,
      "Chr12": 59,
      "Chr8": 55,
      "Chr6": 45,
      "Chr1": 43,
      "Chr2": 38,
      "Chr4": 36,
      "Chr10": 28,
      "Chr7": 26,
      "Chr9": 25,
      "Chr3": 22,
      "Chr5": 20,
      "ChrUn": 2,
      "ChrSy": 1
    }
  }
}