{
  "analysis_summary": {
    "datasets_analyzed": 3,
    "total_genes": 1499,
    "analysis_date": "2025-06-29T07:18:13.864431"
  },
  "individual_stats": {
    "Arabidopsis": {
      "dataset": "Arabidopsis",
      "total_genes": 175,
      "features": {
        "gene_length": {
          "count": 175,
          "mean": 3366.5142857142855,
          "median": 3350.0,
          "std": 1389.556626786983,
          "min": 167.0,
          "max": 7814.0,
          "q25": 2562.0,
          "q75": 4170.5,
          "skewness": 0.22615342010549,
          "kurtosis": 0.35996763996397885
        },
        "num_exons": {
          "count": 175,
          "mean": 4.017142857142857,
          "median": 4.0,
          "std": 2.7217182827230726,
          "min": 1.0,
          "max": 23.0,
          "q25": 2.0,
          "q75": 5.0,
          "skewness": 2.6858548542964074,
          "kurtosis": 14.739637917567126
        },
        "num_introns": {
          "count": 175,
          "mean": 3.0171428571428573,
          "median": 3.0,
          "std": 2.7217182827230726,
          "min": 0.0,
          "max": 22.0,
          "q25": 1.0,
          "q75": 4.0,
          "skewness": 2.685854854296407,
          "kurtosis": 14.739637917567126
        },
        "total_exon_length": {
          "count": 175,
          "mean": 2817.1657142857143,
          "median": 2958.0,
          "std": 1006.7909991945266,
          "min": 167.0,
          "max": 5664.0,
          "q25": 2452.5,
          "q75": 3510.0,
          "skewness": -0.5224120680444078,
          "kurtosis": 0.28478531445126043
        },
        "total_intron_length": {
          "count": 175,
          "mean": 549.3485714285714,
          "median": 352.0,
          "std": 663.0152896814641,
          "min": 0.0,
          "max": 3673.0,
          "q25": 151.5,
          "q75": 640.0,
          "skewness": 2.2247537701456293,
          "kurtosis": 5.285229654593854
        },
        "avg_exon_length": {
          "count": 175,
          "mean": 977.1412848042228,
          "median": 732.0,
          "std": 754.3594983426476,
          "min": 141.0,
          "max": 4275.0,
          "q25": 567.75,
          "q75": 930.0,
          "skewness": 1.8253478022532725,
          "kurtosis": 2.7289721455627665
        },
        "avg_intron_length": {
          "count": 175,
          "mean": 156.80980972995258,
          "median": 108.66666666666667,
          "std": 171.11130826807343,
          "min": 0.0,
          "max": 1063.0,
          "q25": 85.75,
          "q75": 153.5,
          "skewness": 2.5735391074882483,
          "kurtosis": 7.992556250133671
        },
        "gc_content": {
          "count": 175,
          "mean": 0.3974297181060237,
          "median": 0.40031055900621115,
          "std": 0.021217963599138252,
          "min": 0.3206407194042434,
          "max": 0.4490842490842491,
          "q25": 0.38803775889350367,
          "q75": 0.410177375383429,
          "skewness": -0.7427709595626363,
          "kurtosis": 1.5800292287731827
        },
        "coding_ratio": {
          "count": 175,
          "mean": 0.8587701200215277,
          "median": 0.8869745003445899,
          "std": 0.12263363954060899,
          "min": 0.4563521545319465,
          "max": 1.0,
          "q25": 0.8077263331936335,
          "q75": 0.9366518481132988,
          "skewness": -1.2609725372236364,
          "kurtosis": 1.4591219043189123
        }
      },
      "distributions": {
        "exon_count_distribution": {
          "1": 29,
          "2": 26,
          "3": 20,
          "4": 33,
          "5": 31,
          "6": 18,
          "7": 9,
          "8": 3,
          "9": 2,
          "10": 1,
          "13": 1,
          "16": 1,
          "23": 1
        },
        "intron_count_distribution": {
          "0": 29,
          "1": 26,
          "2": 20,
          "3": 33,
          "4": 31,
          "5": 18,
          "6": 9,
          "7": 3,
          "8": 2,
          "9": 1,
          "12": 1,
          "15": 1,
          "22": 1
        },
        "chromosome_distribution": {
          "5": 61,
          "1": 60,
          "4": 31,
          "3": 19,
          "2": 4
        }
      }
    },
    "Rice": {
      "dataset": "Rice",
      "total_genes": 549,
      "features": {
        "gene_length": {
          "count": 549,
          "mean": 4347.468123861567,
          "median": 3608.0,
          "std": 3146.5675275834524,
          "min": 150.0,
          "max": 25633.0,
          "q25": 2730.0,
          "q75": 5210.0,
          "skewness": 2.4570730350458336,
          "kurtosis": 9.810746119439933
        },
        "num_exons": {
          "count": 549,
          "mean": 2.9234972677595628,
          "median": 2.0,
          "std": 2.2485952164693885,
          "min": 1.0,
          "max": 21.0,
          "q25": 2.0,
          "q75": 4.0,
          "skewness": 2.819436801029573,
          "kurtosis": 13.31545439730058
        },
        "num_introns": {
          "count": 549,
          "mean": 1.9234972677595628,
          "median": 1.0,
          "std": 2.2485952164693885,
          "min": 0.0,
          "max": 20.0,
          "q25": 1.0,
          "q75": 3.0,
          "skewness": 2.819436801029573,
          "kurtosis": 13.31545439730058
        },
        "total_exon_length": {
          "count": 549,
          "mean": 2742.162112932605,
          "median": 2835.0,
          "std": 1197.4630623594346,
          "min": 150.0,
          "max": 9198.0,
          "q25": 2106.0,
          "q75": 3312.0,
          "skewness": 0.4360638724347464,
          "kurtosis": 2.4000467661037295
        },
        "total_intron_length": {
          "count": 549,
          "mean": 1605.3060109289618,
          "median": 651.0,
          "std": 2504.540519288074,
          "min": 0.0,
          "max": 18489.0,
          "q25": 43.0,
          "q75": 2078.0,
          "skewness": 2.824248363237798,
          "kurtosis": 10.524958216737573
        },
        "avg_exon_length": {
          "count": 549,
          "mean": 1325.7637250727416,
          "median": 1078.5,
          "std": 967.809929181127,
          "min": 85.28571428571429,
          "max": 4575.0,
          "q25": 613.5,
          "q75": 1578.0,
          "skewness": 1.2616177052060304,
          "kurtosis": 1.0502442319665342
        },
        "avg_intron_length": {
          "count": 549,
          "mean": 690.8880830766077,
          "median": 348.0,
          "std": 1080.6623371514897,
          "min": 0.0,
          "max": 9303.0,
          "q25": 43.0,
          "q75": 806.3333333333334,
          "skewness": 3.232931653176969,
          "kurtosis": 14.245036601211837
        },
        "gc_content": {
          "count": 549,
          "mean": 0.4401665203507854,
          "median": 0.4278252611585945,
          "std": 0.05444298341012247,
          "min": 0.3401344771620682,
          "max": 0.7184265010351967,
          "q25": 0.40895907186593616,
          "q75": 0.45893719806763283,
          "skewness": 1.9016959358302206,
          "kurtosis": 5.360714817258477
        },
        "coding_ratio": {
          "count": 549,
          "mean": 0.7468223401535811,
          "median": 0.8071132445996072,
          "std": 0.24358422004063765,
          "min": 0.13315926892950392,
          "max": 1.0,
          "q25": 0.5482841181165203,
          "q75": 0.9833212472806382,
          "skewness": -0.6672580976375891,
          "kurtosis": -0.7610059164911767
        }
      },
      "distributions": {
        "exon_count_distribution": {
          "1": 135,
          "2": 175,
          "3": 89,
          "4": 59,
          "5": 37,
          "6": 22,
          "7": 13,
          "8": 6,
          "9": 3,
          "10": 2,
          "11": 1,
          "12": 3,
          "14": 1,
          "16": 2,
          "21": 1
        },
        "intron_count_distribution": {
          "0": 135,
          "1": 175,
          "2": 89,